;country;region;area;pop_dens;literacy;phones_per1000;startup_score;forward_thinking_score;happiness_score;homicide_rate;co2_emissions;gdp_per_capita;population
0;Afghanistan;ASIA (EX. NEAR EAST)         ;647500.0;48.0;36.0;3.2;;;2.523;6.7;9900004.0;516.7;38928346.0
1;Albania;EASTERN EUROPE                     ;28748.0;124.6;86.5;71.2;;43.62;5.117;2.1;5208319.0;6494.4;2877797.0
2;Algeria;NORTHERN AFRICA                    ;2381740.0;13.8;70.0;78.1;;45.23;4.887;1.3;156220560.0;3765.0;43851044.0
3;American Samoa;OCEANIA                            ;199.0;290.4;97.0;259.5;;;;;;12844.9;55191.0
4;Andorra;WESTERN EUROPE                     ;468.0;152.1;100.0;497.2;;;;2.6;;43047.7;77265.0
5;Angola;SUB-SAHARAN AFRICA                 ;1246700.0;9.7;42.0;7.8;;42.45;;4.8;30566933.0;2137.9;32866272.0
6;Anguilla;LATIN AMER. & CARIB    ;102.0;132.1;95.0;460.0;;;;28.3;30262.0;;15003.0
7;Antigua & Barbuda;LATIN AMER. & CARIB    ;443.0;156.0;89.0;549.9;;;;;;;
8;Argentina;LATIN AMER. & CARIB    ;2766890.0;14.4;97.1;220.4;52.0;52.83;5.929;5.3;200708270.0;10729.2;45195774.0
9;Armenia;C.W. OF IND. STATES ;29800.0;99.9;98.6;195.7;;45.28;5.283;1.8;4597845.0;4670.0;2963243.0
10;Aruba;LATIN AMER. & CARIB    ;193.0;372.5;97.0;516.1;;;;1.9;286871.0;23384.3;106766.0
11;Australia;OCEANIA                            ;7686850.0;2.6;100.0;565.5;79.0;59.76;7.183;0.9;414988700.0;59934.1;25499884.0
12;Austria;WESTERN EUROPE                     ;83870.0;97.7;98.0;452.2;68.0;53.0;7.268;0.7;73764112.0;53267.9;9006398.0
13;Azerbaijan;C.W. OF IND. STATES ;86600.0;91.9;97.0;137.1;;46.54;5.171;2.3;33614235.0;5384.0;10139177.0
14;Bahamas, The;LATIN AMER. & CARIB    ;13940.0;21.8;95.6;460.6;;;;;;28239.4;
15;Bahrain;NEAR EAST                          ;665.0;1050.5;89.1;281.3;;51.61;6.647;0.5;24458384.0;22232.3;1701575.0
16;Bangladesh;ASIA (EX. NEAR EAST)         ;144000.0;1023.4;43.1;7.3;;45.42;5.025;2.4;74476230.0;2503.0;164689383.0
17;Barbados;LATIN AMER. & CARIB    ;431.0;649.5;97.4;481.9;;;;9.8;1541447.0;17033.9;287375.0
18;Belarus;C.W. OF IND. STATES ;207600.0;49.6;99.6;319.1;;46.67;5.534;2.4;62655669.0;7303.7;9449323.0
19;Belgium;WESTERN EUROPE                     ;30528.0;340.0;98.0;462.6;64.0;54.69;6.834;1.7;94722813.0;51767.8;11589623.0
20;Belize;LATIN AMER. & CARIB    ;22966.0;12.5;94.1;115.7;;;;25.7;1114105.0;4420.5;397628.0
21;Benin;SUB-SAHARAN AFRICA                 ;112620.0;69.8;40.9;9.7;;35.39;5.045;1.1;6563709.0;1428.4;12123200.0
22;Bermuda;NORTHERN AMERICA                   ;53.0;1241.0;98.0;851.4;;;;8.1;639352.0;110869.5;62278.0
23;Bhutan;ASIA (EX. NEAR EAST)         ;47000.0;48.5;42.2;14.3;;41.52;;2.5;1682100.0;3000.8;771608.0
24;Bolivia;LATIN AMER. & CARIB    ;1098580.0;8.2;87.2;71.9;;47.14;5.716;6.2;19463728.0;3414.9;11673021.0
25;Bosnia & Herzegovina;EASTERN EUROPE                     ;51129.0;88.0;;215.4;;;;;;;
26;Botswana;SUB-SAHARAN AFRICA                 ;600370.0;2.7;79.8;80.5;;37.3;3.467;15.2;6438429.0;7347.6;2351627.0
27;Brazil;LATIN AMER. & CARIB    ;8511965.0;22.1;86.4;225.3;51.0;53.59;6.33;20.9;462994920.0;7518.8;212559417.0
28;British Virgin Is.;LATIN AMER. & CARIB    ;153.0;151.0;97.8;506.5;;;;;;;
29;Brunei;ASIA (EX. NEAR EAST)         ;5770.0;65.8;93.9;237.2;;48.71;;0.5;;;437479.0
30;Bulgaria;EASTERN EUROPE                     ;110910.0;66.6;98.6;336.3;45.0;46.74;5.266;1.0;50872910.0;11635.0;6948445.0
31;Burkina Faso;SUB-SAHARAN AFRICA                 ;274200.0;50.7;26.6;7.0;;37.56;4.834;1.3;2352070.0;918.2;20903273.0
32;Burma;ASIA (EX. NEAR EAST)         ;678500.0;69.8;85.3;10.1;;;;;;;
33;Burundi;SUB-SAHARAN AFRICA                 ;27830.0;290.7;51.6;3.4;;34.78;3.775;6.1;1093618.0;236.8;11890784.0
34;Cambodia;ASIA (EX. NEAR EAST)         ;181040.0;76.7;69.4;2.6;;44.06;4.83;1.8;6496958.0;1591.0;16718965.0
35;Cameroon;SUB-SAHARAN AFRICA                 ;475440.0;36.5;79.0;5.7;;40.81;5.142;1.4;9454331.0;1661.7;26545863.0
36;Canada;NORTHERN AMERICA                   ;9984670.0;3.3;97.0;552.2;90.0;57.65;7.103;2.0;675918610.0;52051.4;37742154.0
37;Cape Verde;SUB-SAHARAN AFRICA                 ;4033.0;104.4;76.6;169.6;;;;6.5;;;
38;Cayman Islands;LATIN AMER. & CARIB    ;262.0;173.4;98.0;836.3;;;;8.2;406057.0;85346.8;65722.0
39;Central African Rep.;SUB-SAHARAN AFRICA                 ;622984.0;6.9;51.0;2.3;;;;;;;
40;Chad;SUB-SAHARAN AFRICA                 ;1284000.0;7.7;47.5;1.3;;46.15;4.355;;1670941.0;696.4;16425864.0
41;Chile;LATIN AMER. & CARIB    ;756950.0;21.3;96.2;213.0;48.0;51.34;6.172;4.4;81258525.0;16502.8;19116201.0
42;China;ASIA (EX. NEAR EAST)         ;9596960.0;136.9;90.9;266.7;78.0;53.74;5.339;0.5;10432751400.0;12556.3;1439323776.0
43;Colombia;LATIN AMER. & CARIB    ;1138910.0;38.3;92.5;176.2;;49.97;6.012;22.6;77667594.0;6131.2;50882891.0
44;Comoros;SUB-SAHARAN AFRICA                 ;2170.0;318.4;56.5;24.5;;;4.289;;108422.0;1494.7;869601.0
45;Congo, Dem. Rep.;SUB-SAHARAN AFRICA                 ;2345410.0;26.7;65.5;0.2;;;;;;584.1;
46;Congo, Repub. of the;SUB-SAHARAN AFRICA                 ;342000.0;10.8;83.8;3.7;;;;;;;
47;Cook Islands;OCEANIA                            ;240.0;89.1;95.0;289.9;;;;;37354.0;;17564.0
48;Costa Rica;LATIN AMER. & CARIB    ;51100.0;79.8;96.0;340.7;;51.41;7.069;11.2;8328890.0;12508.6;5094118.0
49;Cote d'Ivoire;SUB-SAHARAN AFRICA                 ;322460.0;54.8;50.9;14.6;;;;;;2578.8;
50;Croatia;EASTERN EUROPE                     ;56542.0;79.5;98.5;420.4;53.0;52.4;5.882;1.0;19408194.0;17398.8;4105267.0
51;Cuba;LATIN AMER. & CARIB    ;110860.0;102.7;97.0;74.7;;;;5.0;30389116.0;9477.9;11326616.0
52;Cyprus;NEAR EAST                          ;9250.0;84.8;97.6;;37.0;53.28;6.223;1.2;6872427.0;30798.5;1207359.0
53;Czech Republic;EASTERN EUROPE                     ;78866.0;129.8;99.9;314.3;65.0;50.88;6.965;0.7;;26378.5;
54;Denmark;WESTERN EUROPE                     ;43094.0;126.5;100.0;614.6;83.0;55.37;7.62;1.0;38007645.0;67803.0;5792202.0
55;Djibouti;SUB-SAHARAN AFRICA                 ;23000.0;21.2;67.9;22.8;;34.81;;;1508851.0;3363.7;988000.0
56;Dominica;LATIN AMER. & CARIB    ;754.0;91.4;94.0;304.8;;;;20.8;185767.0;7560.0;71986.0
57;Dominican Republic;LATIN AMER. & CARIB    ;48730.0;188.5;84.7;97.4;;49.87;5.545;8.9;23466740.0;8603.8;10847910.0
58;East Timor;ASIA (EX. NEAR EAST)         ;15007.0;70.8;58.6;;;;;4.1;;;
59;Ecuador;LATIN AMER. & CARIB    ;283560.0;47.8;92.5;125.6;;48.66;5.764;7.8;40065690.0;5934.9;17643054.0
60;Egypt;NORTHERN AFRICA                    ;1001450.0;78.8;57.7;131.8;;47.02;4.283;2.6;219377350.0;;102334404.0
61;El Salvador;LATIN AMER. & CARIB    ;21040.0;324.3;80.2;142.4;;44.03;6.061;37.2;6853766.0;4408.5;6486205.0
62;Equatorial Guinea;SUB-SAHARAN AFRICA                 ;28051.0;19.3;85.7;18.5;;41.39;;;2156371.0;8462.3;1402985.0
63;Eritrea;SUB-SAHARAN AFRICA                 ;121320.0;39.5;58.6;7.9;;;;;684140.0;642.5;3546421.0
64;Estonia;BALTICS                            ;45226.0;29.3;99.8;333.8;77.0;48.96;6.189;3.2;22402414.0;27280.7;1326535.0
65;Ethiopia;SUB-SAHARAN AFRICA                 ;1127127.0;66.3;42.7;8.2;;44.1;4.275;8.8;10438855.0;944.0;114963588.0
66;Faroe Islands;WESTERN EUROPE                     ;1399.0;33.8;;503.8;;;;;;66320.7;
67;Fiji;OCEANIA                            ;18270.0;49.6;93.7;112.6;;;;;1703193.0;5086.0;896445.0
68;Finland;WESTERN EUROPE                     ;338145.0;15.5;100.0;405.3;72.0;56.31;7.842;1.6;51183960.0;53982.6;5540720.0
69;France;WESTERN EUROPE                     ;547030.0;111.3;99.0;586.4;81.0;55.31;6.69;1.2;331533320.0;43518.5;65273511.0
70;French Guiana;LATIN AMER. & CARIB    ;91000.0;2.2;83.0;255.6;;;;13.2;1473719.0;;298682.0
71;French Polynesia;OCEANIA                            ;4167.0;65.9;98.0;194.5;;;;;1003249.0;20182.6;280908.0
72;Gabon;SUB-SAHARAN AFRICA                 ;267667.0;5.3;63.2;27.4;;34.35;4.852;;5694208.0;8017.0;2225734.0
73;Gambia, The;SUB-SAHARAN AFRICA                 ;11300.0;145.3;40.1;26.8;;;;;;835.6;
74;Gaza Strip;NEAR EAST                          ;360.0;3968.8;;244.3;;;;;;;
75;Georgia;C.W. OF IND. STATES ;69700.0;66.9;99.0;146.6;;45.96;4.891;2.2;8610414.0;5042.4;3989167.0
76;Germany;WESTERN EUROPE                     ;357021.0;230.9;99.0;667.9;87.0;65.15;7.155;0.8;775752190.0;50801.8;83783942.0
77;Ghana;SUB-SAHARAN AFRICA                 ;239460.0;93.6;74.8;14.4;;48.54;5.088;2.1;14469986.0;2445.3;31072940.0
78;Gibraltar;WESTERN EUROPE                     ;7.0;3989.7;;877.7;;;;3.0;572708.0;;33691.0
79;Greece;WESTERN EUROPE                     ;131940.0;81.0;97.5;589.7;61.0;50.28;5.723;0.8;67840662.0;20276.5;10423054.0
80;Greenland;NORTHERN AMERICA                   ;2166086.0;0.0;;448.9;;;;5.3;1530.0;54570.4;56770.0
81;Grenada;LATIN AMER. & CARIB    ;344.0;260.8;98.0;364.5;;;;10.8;554848.0;9928.6;112523.0
82;Guadeloupe;LATIN AMER. & CARIB    ;1780.0;254.4;90.0;463.8;;;;5.8;2478038.0;;400124.0
83;Guam;OCEANIA                            ;541.0;316.1;99.0;492.0;;;;;;34624.3;168775.0
84;Guatemala;LATIN AMER. & CARIB    ;108890.0;112.9;70.6;92.1;;48.92;6.435;22.5;18539316.0;5025.6;17915568.0
85;Guernsey;WESTERN EUROPE                     ;78.0;838.6;;842.4;;;;;;;
86;Guinea;SUB-SAHARAN AFRICA                 ;245857.0;39.4;35.9;2.7;;34.32;4.984;;2071798.0;1174.4;13132795.0
87;Guinea-Bissau;SUB-SAHARAN AFRICA                 ;36120.0;39.9;42.4;7.4;;;;1.1;318706.0;813.0;1968001.0
88;Guyana;LATIN AMER. & CARIB    ;214970.0;3.6;98.8;143.5;;40.01;;20.0;3253057.0;9374.8;786552.0
89;Haiti;LATIN AMER. & CARIB    ;27750.0;299.4;52.9;16.9;;38.22;3.615;6.7;3086897.0;1814.7;11402528.0
90;Honduras;LATIN AMER. & CARIB    ;112090.0;65.4;76.2;67.5;;40.06;5.919;36.3;9320279.0;2831.0;9904607.0
91;Hong Kong;ASIA (EX. NEAR EAST)         ;1092.0;6355.7;93.5;546.7;39.0;;5.477;0.3;47066386.0;;7496981.0
92;Hungary;EASTERN EUROPE                     ;93030.0;107.3;99.4;336.2;44.0;50.13;5.992;0.8;51018899.0;18772.7;9660351.0
93;Iceland;WESTERN EUROPE                     ;103000.0;2.9;99.9;647.7;42.0;52.52;7.554;1.5;3923884.0;68383.8;341243.0
94;India;ASIA (EX. NEAR EAST)         ;3287590.0;333.2;59.5;45.4;88.0;54.92;3.819;3.0;2533638100.0;2277.4;1380004385.0
95;Indonesia;ASIA (EX. NEAR EAST)         ;1919440.0;127.9;87.9;52.0;60.0;52.35;5.345;0.4;530035650.0;4291.8;273523615.0
96;Iran;ASIA (EX. NEAR EAST)         ;1648000.0;41.7;79.4;276.4;38.0;;4.721;2.5;642560030.0;;83992949.0
97;Iraq;NEAR EAST                          ;437072.0;61.3;40.4;38.6;;45.29;4.854;10.1;162646160.0;5048.4;40222493.0
98;Ireland;WESTERN EUROPE                     ;70280.0;57.8;98.0;500.5;76.0;;7.085;0.7;39086565.0;99152.1;4937786.0
99;Isle of Man;WESTERN EUROPE                     ;572.0;131.9;;676.0;;;;0.0;;86481.6;85033.0
100;Israel;NEAR EAST                          ;20770.0;305.8;95.4;462.3;89.0;55.89;7.157;1.5;65201588.0;51430.1;8655535.0
101;Italy;WESTERN EUROPE                     ;301230.0;193.0;98.6;430.9;66.0;55.19;6.483;0.5;358139550.0;35551.3;60461826.0
102;Jamaica;LATIN AMER. & CARIB    ;10991.0;250.9;87.9;124.0;;;6.309;44.7;8946575.0;4586.7;2961167.0
103;Japan;ASIA (EX. NEAR EAST)         ;377835.0;337.4;99.0;461.2;70.0;67.22;5.94;0.3;1239592060.0;39285.2;126476461.0
104;Jersey;WESTERN EUROPE                     ;116.0;785.2;;811.3;;;;;;;
105;Jordan;NEAR EAST                          ;92300.0;64.0;91.3;104.5;;48.58;4.395;1.0;22772370.0;4405.8;10203134.0
106;Kazakhstan;C.W. OF IND. STATES ;2717300.0;5.6;98.4;164.1;;45.86;6.152;3.2;231919540.0;10041.5;18776707.0
107;Kenya;SUB-SAHARAN AFRICA                 ;582650.0;59.6;85.1;8.1;;48.84;4.607;4.0;16334919.0;2006.8;53771296.0
108;Kiribati;OCEANIA                            ;811.0;130.0;;42.7;;;;;52818.0;1514.6;119449.0
109;Korea, North;ASIA (EX. NEAR EAST)         ;120540.0;191.8;99.0;42.4;;;;;;;
110;Korea, South;ASIA (EX. NEAR EAST)         ;98480.0;496.0;97.9;486.1;;;;;;;
111;Kuwait;NEAR EAST                          ;17820.0;135.7;83.5;211.0;34.0;48.62;6.106;1.8;101492225.0;24811.8;4270571.0
112;Kyrgyzstan;C.W. OF IND. STATES ;198500.0;26.3;97.0;84.0;;34.74;5.744;2.2;6941784.0;;6524195.0
113;Laos;ASIA (EX. NEAR EAST)         ;236800.0;26.9;66.4;14.1;;38.79;5.03;;4531276.0;;7275560.0
114;Latvia;BALTICS                            ;64589.0;35.2;99.8;321.4;57.0;47.27;6.032;2.6;8157157.0;20642.2;1886198.0
115;Lebanon;NEAR EAST                          ;10400.0;372.5;87.4;255.6;;45.84;4.584;1.9;21863288.0;2670.4;6825445.0
116;Lebanon;NEAR EAST                          ;10400.0;372.5;87.4;255.6;;34.19;4.584;1.9;21863288.0;2670.4;6825445.0
117;Lesotho;SUB-SAHARAN AFRICA                 ;30355.0;66.6;84.8;23.7;;;3.512;43.6;318438.0;1166.5;2142249.0
118;Liberia;SUB-SAHARAN AFRICA                 ;111370.0;27.3;57.5;2.3;;33.14;4.625;3.3;846658.0;673.1;5057681.0
119;Libya;NORTHERN AFRICA                    ;1759540.0;3.4;82.6;127.1;;38.21;5.41;;52696075.0;6018.4;6871292.0
120;Liechtenstein;WESTERN EUROPE                     ;160.0;212.4;100.0;585.5;;;;2.6;;169049.2;38128.0
121;Lithuania;BALTICS                            ;65200.0;55.0;99.6;223.4;69.0;49.64;6.255;3.7;13685264.0;23433.4;2722289.0
122;Luxembourg;WESTERN EUROPE                     ;2586.0;183.5;100.0;515.4;41.0;53.25;7.324;0.2;10144632.0;135682.8;625978.0
123;Macau;ASIA (EX. NEAR EAST)         ;28.0;16183.0;94.5;384.9;;;;0.3;;;
124;Macedonia;EASTERN EUROPE                     ;25333.0;80.9;;260.0;;;;;;;
125;Madagascar;SUB-SAHARAN AFRICA                 ;587040.0;31.7;68.9;3.6;;40.61;4.208;;3026047.0;514.9;27691018.0
126;Malawi;SUB-SAHARAN AFRICA                 ;118480.0;109.8;62.7;7.9;;37.77;3.6;1.8;1815598.0;642.7;19129952.0
127;Malaysia;ASIA (EX. NEAR EAST)         ;329750.0;74.0;88.7;179.0;85.0;53.55;5.384;2.1;266251542.0;11371.1;32365999.0
128;Maldives;ASIA (EX. NEAR EAST)         ;300.0;1196.7;97.2;90.0;;38.56;5.198;0.7;1233015.0;8994.6;540544.0
129;Mali;SUB-SAHARAN AFRICA                 ;1240000.0;9.5;46.4;6.4;;35.13;4.723;;1606421.0;917.9;20250833.0
130;Malta;WESTERN EUROPE                     ;316.0;1266.5;92.8;505.0;55.0;49.6;6.602;1.6;2257870.0;33257.4;441543.0
131;Marshall Islands;OCEANIA                            ;11854.0;5.1;93.7;91.2;;;;;;4171.0;59190.0
132;Martinique;LATIN AMER. & CARIB    ;1100.0;396.5;97.7;394.4;;;;2.8;2715477.0;;375265.0
133;Mauritania;SUB-SAHARAN AFRICA                 ;1030700.0;3.1;41.7;12.9;;38.08;4.227;;2564345.0;1723.0;4649658.0
134;Mauritius;SUB-SAHARAN AFRICA                 ;2040.0;608.3;85.6;289.3;;48.15;6.049;2.9;3192307.0;8812.1;1271768.0
135;Mayotte;SUB-SAHARAN AFRICA                 ;374.0;538.1;;49.7;;;;5.9;;;272815.0
136;Mexico;LATIN AMER. & CARIB    ;1972550.0;54.5;92.2;181.6;46.0;51.85;6.317;28.4;441412750.0;9926.4;128932753.0
137;Micronesia, Fed. St.;OCEANIA                            ;702.0;153.9;89.0;114.8;;;;;;;
138;Moldova;C.W. OF IND. STATES ;33843.0;132.0;99.1;208.1;;49.25;5.766;4.1;8258774.0;5314.5;4033963.0
139;Monaco;WESTERN EUROPE                     ;2.0;16271.5;99.0;1035.6;;;;0.0;;173688.2;39242.0
140;Mongolia;ASIA (EX. NEAR EAST)         ;1564116.0;1.8;97.8;55.1;;44.75;5.677;6.0;18574260.0;4534.9;3278290.0
141;Montserrat;LATIN AMER. & CARIB    ;102.0;92.5;97.0;;;;;20.3;;;4992.0
142;Morocco;NORTHERN AFRICA                    ;446550.0;74.4;51.7;40.4;;49.15;4.918;1.3;57694464.0;3496.8;36910560.0
143;Mozambique;SUB-SAHARAN AFRICA                 ;801590.0;24.6;47.8;3.5;;44.85;4.794;3.5;5859171.0;500.4;31255435.0
144;Namibia;SUB-SAHARAN AFRICA                 ;825418.0;2.5;84.0;62.6;;41.7;4.574;11.9;3901830.0;4729.3;2540905.0
145;Nauru;OCEANIA                            ;21.0;632.7;;143.0;;;;;;12252.3;10824.0
146;Nepal;ASIA (EX. NEAR EAST)         ;147181.0;192.2;45.2;15.9;;42.53;5.269;2.3;7833787.0;1222.9;29136808.0
147;Netherlands;WESTERN EUROPE                     ;41526.0;397.1;99.0;460.8;71.0;56.2;7.464;0.6;163419285.0;58061.0;17134872.0
148;Netherlands Antilles;LATIN AMER. & CARIB    ;960.0;231.0;96.7;365.3;;;;;;;
149;New Caledonia;OCEANIA                            ;19060.0;11.5;91.0;252.2;;;;;2338717.0;34694.6;285498.0
150;New Zealand;OCEANIA                            ;268680.0;15.2;99.0;441.7;56.0;55.73;7.277;2.6;33276202.0;48801.7;4822233.0
151;Nicaragua;LATIN AMER. & CARIB    ;129494.0;43.0;67.5;39.7;;;5.972;7.2;5325447.0;2090.8;6624554.0
152;Niger;SUB-SAHARAN AFRICA                 ;1267000.0;9.9;17.6;1.9;;44.62;5.074;4.4;2088475.0;594.9;24206644.0
153;Nigeria;SUB-SAHARAN AFRICA                 ;923768.0;142.7;68.0;9.3;;45.39;4.759;34.5;82634214.0;2085.0;206139589.0
154;N. Mariana Islands;OCEANIA                            ;477.0;172.9;97.0;254.7;;;;;;;
155;Norway;WESTERN EUROPE                     ;323802.0;14.2;100.0;461.7;58.0;55.98;7.392;0.6;43456012.0;89202.8;5421241.0
156;Oman;NEAR EAST                          ;212460.0;14.6;75.8;85.5;;46.21;;0.3;87835773.0;16439.3;5106626.0
157;Pakistan;ASIA (EX. NEAR EAST)         ;803940.0;206.2;45.7;31.8;;;4.934;3.9;178013820.0;1537.9;220892340.0
158;Palau;OCEANIA                            ;458.0;44.9;92.0;325.6;;;;;41732.0;14243.9;18094.0
159;Panama;LATIN AMER. & CARIB    ;78200.0;40.8;92.6;137.9;;51.7;6.18;11.1;11599764.0;14516.5;4314767.0
160;Papua New Guinea;OCEANIA                            ;462840.0;12.3;64.6;10.9;;38.28;;;9086988.0;2916.4;8947024.0
161;Paraguay;LATIN AMER. & CARIB    ;406750.0;16.0;94.0;49.2;;43.79;5.653;6.7;5998469.0;5400.1;7132538.0
162;Peru;LATIN AMER. & CARIB    ;1285220.0;22.0;90.9;79.5;;49.9;5.84;7.9;57692879.0;6692.2;32971854.0
163;Philippines;ASIA (EX. NEAR EAST)         ;300000.0;298.2;92.6;38.4;54.0;52.24;5.88;4.4;126922662.0;3548.8;109581078.0
164;Poland;EASTERN EUROPE                     ;312685.0;123.3;99.8;306.3;86.0;50.39;6.166;0.7;296659670.0;17840.9;37846611.0
165;Portugal;WESTERN EUROPE                     ;92391.0;114.8;93.3;399.2;67.0;52.5;5.929;0.9;50142844.0;24262.2;10196709.0
166;Puerto Rico;LATIN AMER. & CARIB    ;13790.0;284.8;94.1;283.1;;;;18.5;712758.0;31429.9;2860853.0
167;Qatar;NEAR EAST                          ;11437.0;77.4;82.5;232.0;32.0;53.41;;0.4;98990085.0;61276.0;2881053.0
168;Reunion;SUB-SAHARAN AFRICA                 ;2517.0;312.9;88.9;380.9;;;;;;;
169;Romania;EASTERN EUROPE                     ;237500.0;93.9;98.4;196.9;63.0;48.86;6.14;1.5;78770824.0;14861.9;19237691.0
170;Russia;C.W. OF IND. STATES ;17075200.0;8.4;99.6;280.6;75.0;53.13;5.477;7.3;1661899300.0;;145934462.0
171;Rwanda;SUB-SAHARAN AFRICA                 ;26338.0;328.4;70.4;2.7;;41.77;3.415;2.6;1403087.0;833.8;12952218.0
172;Saint Helena;SUB-SAHARAN AFRICA                 ;413.0;18.2;97.0;293.3;;;;0.0;13128.0;;6077.0
173;Saint Kitts & Nevis;LATIN AMER. & CARIB    ;261.0;149.9;97.0;638.9;;;;;203036.0;;53199.0
174;Saint Lucia;LATIN AMER. & CARIB    ;616.0;273.5;67.0;303.3;;;;21.4;608182.0;;183627.0
175;St Pierre & Miquelon;NORTHERN AMERICA                   ;242.0;29.0;99.0;683.2;;;;;;;
176;Saint Vincent and the Grenadines;LATIN AMER. & CARIB    ;389.0;303.0;96.0;190.9;;;;36.5;;;
177;Samoa;OCEANIA                            ;2944.0;60.1;99.7;75.2;;;;;169939.0;3939.1;198414.0
178;San Marino;WESTERN EUROPE                     ;61.0;479.5;96.0;704.3;;;;0.0;;45515.8;33931.0
179;Sao Tome & Principe;SUB-SAHARAN AFRICA                 ;1001.0;193.2;79.3;36.2;;;;;56185.0;;219159.0
180;Saudi Arabia;NEAR EAST                          ;1960582.0;13.8;78.8;140.6;33.0;55.46;6.494;1.3;517079407.0;23585.9;34813871.0
181;Senegal;SUB-SAHARAN AFRICA                 ;196190.0;61.1;40.2;22.2;;40.84;5.132;0.3;8247295.0;1606.5;16743927.0
182;Serbia;EASTERN EUROPE                     ;88361.0;106.3;93.0;285.8;36.0;48.94;6.078;1.0;41168059.0;9215.0;8737371.0
183;Seychelles;SUB-SAHARAN AFRICA                 ;455.0;179.2;58.0;262.4;;;;12.5;519693.0;13306.7;98347.0
184;Sierra Leone;SUB-SAHARAN AFRICA                 ;71740.0;83.7;31.4;4.0;;35.52;3.849;1.7;1272332.0;515.9;7976983.0
185;Singapore;ASIA (EX. NEAR EAST)         ;693.0;6482.2;92.5;411.4;80.0;64.32;6.377;0.2;48381759.0;72794.0;5850342.0
186;Slovakia;EASTERN EUROPE                     ;48845.0;111.4;;220.1;59.0;50.04;6.331;1.2;36817242.0;;5459642.0
187;Slovenia;EASTERN EUROPE                     ;20273.0;99.2;99.7;406.1;40.0;50.73;6.461;0.5;14722601.0;29200.8;2078938.0
188;Solomon Islands;OCEANIA                            ;28450.0;19.4;;13.4;;;;;341748.0;2337.0;686884.0
189;Somalia;SUB-SAHARAN AFRICA                 ;637657.0;13.9;37.8;11.3;;32.41;;;1268442.0;445.8;15893222.0
190;South Africa;SUB-SAHARAN AFRICA                 ;1219912.0;36.2;86.4;107.0;49.0;50.59;4.956;33.5;390557850.0;6994.2;59308690.0
191;Spain;WESTERN EUROPE                     ;504782.0;80.0;97.9;453.5;73.0;53.99;6.491;0.6;251892320.0;30115.7;46754778.0
192;Sri Lanka;ASIA (EX. NEAR EAST)         ;65610.0;308.2;92.3;61.5;;49.17;4.325;2.4;18454691.0;3814.7;21413249.0
193;Sudan;SUB-SAHARAN AFRICA                 ;2505810.0;16.5;61.1;16.3;;39.91;;5.1;13294106.0;764.3;43849260.0
194;Suriname;LATIN AMER. & CARIB    ;163270.0;2.7;93.0;184.7;;38.93;;5.4;2152933.0;4836.3;586632.0
195;Swaziland;SUB-SAHARAN AFRICA                 ;17363.0;65.5;81.6;30.8;;;;;;;
196;Sweden;WESTERN EUROPE                     ;449964.0;20.0;99.0;715.0;84.0;54.95;7.363;1.2;44694415.0;60239.0;10099265.0
197;Switzerland;WESTERN EUROPE                     ;41290.0;182.2;99.0;680.9;82.0;57.77;7.571;0.5;39666930.0;93457.4;8654622.0
198;Syria;NEAR EAST                          ;185180.0;102.0;76.9;153.8;;;;0.9;38054696.0;;17500658.0
199;Taiwan;ASIA (EX. NEAR EAST)         ;35980.0;640.3;96.1;591.0;;57.38;6.584;0.8;276724868.0;;23816775.0
200;Tajikistan;C.W. OF IND. STATES ;143100.0;51.2;99.4;33.5;;35.61;5.466;0.9;6049757.0;897.1;9537645.0
201;Tanzania;SUB-SAHARAN AFRICA                 ;945087.0;39.6;78.2;4.0;;43.93;3.623;6.5;9731560.0;1135.5;59734218.0
202;Thailand;ASIA (EX. NEAR EAST)         ;514000.0;125.7;92.6;108.9;43.0;54.63;5.985;2.6;271040160.0;7233.4;69799978.0
203;Togo;SUB-SAHARAN AFRICA                 ;56785.0;97.7;60.9;10.6;;;4.107;;2321546.0;992.3;8278724.0
204;Tonga;OCEANIA                            ;748.0;153.3;98.5;97.7;;;;;251375.0;4624.8;105695.0
205;Trinidad & Tobago;LATIN AMER. & CARIB    ;5128.0;207.9;98.6;303.5;;;;;;;
206;Tunisia;NORTHERN AFRICA                    ;163610.0;62.2;74.2;123.6;35.0;48.93;4.596;4.8;29395965.0;3924.3;11818619.0
207;Turkey;NEAR EAST                          ;780580.0;90.2;86.5;269.5;47.0;48.14;4.948;2.6;368122740.0;;84339067.0
208;Turkmenistan;C.W. OF IND. STATES ;488100.0;10.3;98.0;74.6;;41.17;5.066;4.2;79279216.0;7612.0;6031200.0
209;Turks & Caicos Is;LATIN AMER. & CARIB    ;430.0;49.2;98.0;269.5;;;;;;;
210;Tuvalu;OCEANIA                            ;26.0;454.2;;59.3;;;;;;5291.5;11792.0
211;Uganda;SUB-SAHARAN AFRICA                 ;236040.0;119.5;69.9;3.6;;40.77;4.636;9.7;5009493.0;858.1;45741007.0
212;Ukraine;C.W. OF IND. STATES ;603700.0;77.4;99.7;259.9;50.0;46.03;4.875;6.2;233220080.0;4835.6;43733762.0
213;United Arab Emirates;NEAR EAST                          ;82880.0;31.4;77.9;475.3;62.0;56.29;6.561;0.5;218788684.0;36284.6;9890402.0
214;United Kingdom;WESTERN EUROPE                     ;244820.0;247.6;99.0;543.5;91.0;72.15;7.064;1.2;367860350.0;47334.4;67886011.0
215;United States;NORTHERN AMERICA                   ;9631420.0;31.0;97.0;898.0;92.0;59.76;6.951;6.3;5011686600.0;69287.5;331002651.0
216;Uruguay;LATIN AMER. & CARIB    ;176220.0;19.5;98.0;291.4;;46.57;6.431;12.1;6508013.0;17020.6;3473730.0
217;Uzbekistan;C.W. OF IND. STATES ;447400.0;61.0;99.3;62.9;;41.94;6.179;1.1;109347340.0;1983.1;33469203.0
218;Vanuatu;OCEANIA                            ;12200.0;17.1;53.0;32.6;;;;;137706.0;3127.4;307145.0
219;Venezuela;LATIN AMER. & CARIB    ;912050.0;28.2;93.4;140.1;;41.39;4.892;36.7;175884256.0;;28435940.0
220;Vietnam;ASIA (EX. NEAR EAST)         ;329560.0;256.1;90.3;187.7;31.0;51.8;5.411;1.5;206042140.0;3694.0;97338579.0
221;Virgin Islands;LATIN AMER. & CARIB    ;1910.0;56.9;;652.8;;;;;;;
222;Wallis and Futuna;OCEANIA                            ;274.0;58.5;50.0;118.6;;;;;;;
223;West Bank;NEAR EAST                          ;5860.0;419.9;;145.2;;;;;;;
224;Western Sahara;NORTHERN AFRICA                    ;266000.0;1.0;;;;;;;207592.0;;597339.0
225;Yemen;NEAR EAST                          ;527970.0;40.6;50.2;37.2;;36.65;3.658;6.8;25647990.0;;29825964.0
226;Zambia;SUB-SAHARAN AFRICA                 ;752614.0;15.3;80.6;8.2;;36.55;4.073;5.4;4230584.0;1120.6;18383955.0
227;Zimbabwe;SUB-SAHARAN AFRICA                 ;390580.0;31.3;90.7;26.8;;38.48;3.145;7.5;10062628.0;1737.2;14862924.0
228;South Korea;;;;;;74.0;60.53;5.845;0.6;604043830.0;;51269185.0
229;Myanmar;;;;;;;48.1;4.426;2.3;16701776.0;1187.2;54409800.0
230;North Macedonia;;;;;;;48.05;5.101;1.2;8896732.0;6720.9;2083374.0
231;Pakistan (Islamic Republic of);;;;;;;44.25;;;;;
232;Iran (Islamic Republic of);;;;;;;42.19;;;;;
233;DR Congo;;;;;;;41.1;;;6564773.0;;89561403.0
234;Montenegro;;;;;;;40.19;5.581;2.9;16249039.0;9367.0;628066.0
235;Congo Republic;;;;;;;39.98;;;;;
236;Afghanistan (Islamic Republic of);;;;;;;39.92;;;;;
237;South Sudan;;;;;;;38.23;;14.9;4038496.0;1119.7;11193725.0
238;Eswatini;;;;;;;36.0;4.308;11.6;657572.0;4214.9;1160164.0
239;Kosovo;;;;;;;34.74;;2.4;;4986.6;
240;Bosnia And Herzegovina;;;;;;;;5.813;;;;
241;Republic of the Congo;;;;;;;;5.342;;;;
242;Ivory Coast;;;;;;;;5.306;;;;
243;Gambia;;;;;;;;5.051;;254127.0;;2416668.0
244;Antigua and Barbuda;;;;;;;;;11.1;438763.0;14900.8;97929.0
245;Bahamas;;;;;;;;;18.6;4404247.0;;393244.0
246;Bosnia and Herzegovina;;;;;;;;;1.2;25674120.0;6916.4;3280819.0
247;British Virgin Islands;;;;;;;;;8.3;99762.0;;30231.0
248;Central African Republic;;;;;;;;;20.1;543229.0;511.5;4829767.0
249;Channel Islands;;;;;;;;;0.0;;74463.0;173863.0
250;Curaçao;;;;;;;;;19.0;;;164093.0
251;England and Wales;;;;;;;;;1.2;;;
252;Holy See;;;;;;;;;0.0;;;801.0
253;Iraq (excluding Kurdistan);;;;;;;;;10.1;;;
254;Kurdistan Region (Iraq);;;;;;;;;2.2;;;
255;Northern Ireland;;;;;;;;;1.2;;;
256;Réunion;;;;;;;;;1.8;1132331.0;;895312.0
257;Saint Kitts and Nevis;;;;;;;;;36.1;;;
258;Saint Martin (French part);;;;;;;;;27.7;;;
259;Saint Pierre and Miquelon;;;;;;;;;15.8;;;
260;São Tomé and Príncipe;;;;;;;;;3.3;;;
261;Scotland;;;;;;;;;1.1;;;
262;Palestine;;;;;;;;;1.0;;;
263;Trinidad and Tobago;;;;;;;;;30.6;34974263.0;15243.1;1399488.0
264;Turks and Caicos Islands;;;;;;;;;5.7;;24047.1;
266;Czech Republic (Czechia);;;;;;;;;;111825428.0;;10708981.0
267;North Korea;;;;;;;;;;58708734.0;;25778816.0
268;Côte d'Ivoire;;;;;;;;;;10056492.0;;26378274.0
269;Brunei ;;;;;;;;;;7672127.0;;
270;Congo;;;;;;;;;;5212302.0;;5518087.0
271;Macao;;;;;;;;;;3106518.0;;649335.0
272;Timor-Leste;;;;;;;;;;495687.0;1457.8;1318445.0
273;St. Vincent & Grenadines;;;;;;;;;;362414.0;;110940.0
274;Cabo Verde;;;;;;;;;;99687.0;3445.8;555987.0
275;Turks and Caicos;;;;;;;;;;65451.0;;38717.0
276;Falkland Islands;;;;;;;;;;48568.0;;3480.0
277;Saint Pierre & Miquelon;;;;;;;;;;8842.0;;5794.0
278;Faeroe Islands;;;;;;;;;;1953.0;;48863.0
279;Brunei Darussalam;;;;;;;;;;;31722.7;
280;Congo, Rep.;;;;;;;;;;;2213.9;
281;Curacao;;;;;;;;;;;16109.9;
282;Egypt, Arab Rep.;;;;;;;;;;;3876.4;
283;Hong Kong SAR, China;;;;;;;;;;;49660.6;
284;Iran, Islamic Rep.;;;;;;;;;;;2756.7;
285;Korea, Dem. People's Rep.;;;;;;;;;;;;
286;Korea, Rep.;;;;;;;;;;;34757.7;
287;Kyrgyz Republic;;;;;;;;;;;1276.2;
288;Lao PDR;;;;;;;;;;;2551.3;
289;Macao SAR, China;;;;;;;;;;;45421.6;
290;Micronesia, Fed. Sts.;;;;;;;;;;;3476.7;
291;Northern Mariana Islands;;;;;;;;;;;20659.6;57559.0
292;Russian Federation;;;;;;;;;;;12172.8;
293;Sao Tome and Principe;;;;;;;;;;;2449.3;
294;Sint Maarten (Dutch part);;;;;;;;;;;28988.3;
295;Slovak Republic;;;;;;;;;;;21087.8;
296;St. Kitts and Nevis;;;;;;;;;;;18230.1;
297;St. Lucia;;;;;;;;;;;9571.0;
298;St. Martin (French part);;;;;;;;;;;21459.3;
299;St. Vincent and the Grenadines;;;;;;;;;;;7996.6;
300;Syrian Arab Republic;;;;;;;;;;;1265.6;
301;Turkiye;;;;;;;;;;;9586.6;
302;Venezuela, RB;;;;;;;;;;;16055.6;
303;Virgin Islands (U.S.);;;;;;;;;;;39552.2;
304;West Bank and Gaza;;;;;;;;;;;3664.0;
305;Yemen, Rep.;;;;;;;;;;;690.8;
306;World;;;;;;;;;;;12262.9;
307;Arab World;;;;;;;;;;;6412.4;
308;Caribbean small states;;;;;;;;;;;9352.3;
309;Central Europe and the Baltics;;;;;;;;;;;18569.0;
310;East Asia & Pacific;;;;;;;;;;;13037.5;
311;East Asia & Pacific (excluding high income);;;;;;;;;;;9776.5;
312;Euro area;;;;;;;;;;;42307.7;
313;Europe & Central Asia;;;;;;;;;;;27114.3;
314;Europe & Central Asia (excluding high income);;;;;;;;;;;8708.1;
315;European Union;;;;;;;;;;;38234.1;
316;Fragile and conflict affected situations;;;;;;;;;;;1673.4;
317;Heavily indebted poor countries (HIPC);;;;;;;;;;;1057.9;
318;Latin America & Caribbean;;;;;;;;;;;8340.4;
319;Latin America & Caribbean (excluding high income);;;;;;;;;;;7727.2;
320;Least developed countries: UN classification;;;;;;;;;;;1177.0;
321;Middle East & North Africa;;;;;;;;;;;7696.9;
322;Middle East & North Africa (excluding high income);;;;;;;;;;;3612.2;
323;North America;;;;;;;;;;;67514.0;
324;OECD members;;;;;;;;;;;42098.6;
325;Other small states;;;;;;;;;;;13776.8;
326;Pacific island small states;;;;;;;;;;;3798.8;
327;Small states;;;;;;;;;;;12394.9;
328;South Asia;;;;;;;;;;;2176.8;
329;Sub-Saharan Africa;;;;;;;;;;;1645.5;
330;Sub-Saharan Africa (excluding high income);;;;;;;;;;;1644.5;
331;State of Palestine;;;;;;;;;;;;5101414.0
332;Micronesia;;;;;;;;;;;;548914.0
333;Sint Maarten;;;;;;;;;;;;42876.0
334;Saint Martin;;;;;;;;;;;;38666.0
335;Caribbean Netherlands;;;;;;;;;;;;26223.0
336;Wallis & Futuna;;;;;;;;;;;;11239.0
337;Saint Barthelemy;;;;;;;;;;;;9877.0
338;Niue;;;;;;;;;;;;1626.0
339;Tokelau;;;;;;;;;;;;1357.0
